timestamp,spot_open,spot_close,spot_volume,create_time,sum_open_interest,sum_open_interest_value,count_toptrader_long_short_ratio,sum_toptrader_long_short_ratio,count_long_short_ratio,sum_taker_long_short_vol_ratio,funding_rate,spot_high,spot_low,spot_quote_volume,spot_trades,spot_taker_buy_volume,spot_taker_buy_quote_volume,futures_open,futures_high,futures_low,futures_close,futures_volume,futures_quote_volume,futures_trades,futures_taker_buy_volume,futures_taker_buy_quote_volume,premium_index_open,premium_index_high,premium_index_low,mark_price_open,mark_price_high,mark_price_low,mark_price_close,index_price_open,index_price_high,index_price_low,index_price_close
2026-06-24 00:00:00,416.1,416.87,1751.339,2026-06-24 00:00:00,636151.245,264543495.23325,0.77411193,0.655251,0.75795832,1.166607,-0.00064882,418.52,415.3,730205.97124,4627,916.331,381999.42508,415.87,418.25,415.01,416.51,15399.761,6416466.92906,40419,8270.978,3446458.08826,-0.00053305,0.00013803,-0.0017883,415.83,418.27748424,415.07,416.51,416.10137536,418.36450379,415.43865035,416.70609249
2026-06-24 00:30:00,416.77,419.57,4878.738,2026-06-24 00:30:00,635768.911,264804109.12061,0.77907212,0.658003,0.76082684,0.88101,-0.00071727,421.17,416.59,2047999.06565,5524,1834.45,769577.76583,416.52,420.86,416.33,419.41,18223.042,7636959.39019,42901,10371.677,4346281.09717,0.0,0.00043847,-0.00172989,416.51,420.86,416.4,419.25,416.70009795,421.13415505,416.70009795,419.53468262
2026-06-24 01:00:00,419.58,419.18,2693.789,2026-06-24 01:00:00,635529.079,266445566.37075,0.78207078,0.658297,0.76721267,1.17292,-0.00065955,419.64,416.6,1126797.75627,4139,1260.543,527301.97524,419.41,419.43,416.18,418.99,14962.642,6251104.26846,35998,7201.753,3009102.16978,-0.000314,0.00013361,-0.00174929,419.36,419.43,416.35182822,418.85,419.60756959,419.64863631,416.7848551,419.09744929
2026-06-24 01:30:00,419.29,419.14,3211.197,2026-06-24 01:30:00,636595.973,266638223.29105,0.78104112,0.658007,0.76420339,1.467306,-0.00089656,423.19,419.06,1352811.72223,5021,1752.096,738341.66416,419.0,422.99,418.7,418.85,20263.128,8529416.02558,42188,10446.015,4398591.64029,0.0,0.00040827,-0.0015446,418.91,422.88405135,418.82656367,418.85217768,419.13999595,422.94863223,419.13999595,419.2459107
2026-06-24 02:00:00,419.14,415.14,3545.774,2026-06-24 02:00:00,636075.113,266421446.24810207,0.78501827,0.657742,0.7706447,0.488183,-0.00047477,419.4,414.06,1476412.76016,4902,1723.698,717060.63405,418.84,419.18,413.75,414.87,23652.399,9836533.50749,40883,9879.252,4108623.04325,-0.00126353,0.00061782,-0.00209344,418.85224518,419.14,413.84390328,414.93,419.24578523,419.45617632,414.15767764,415.1480162
2026-06-24 02:30:00,415.1,413.05,1991.309,2026-06-24 02:30:00,639038.081,265156070.94933,0.79326874,0.657644,0.7765863,0.856182,-0.00022046,416.01,412.56,824829.6476,4079,1028.985,426316.95017,414.86,415.86,412.45,412.95,18135.176,7506821.52982,32227,7333.246,3038100.3148,-0.00074408,0.00023522,-0.00192516,414.91047249,415.74,412.46,412.98,415.14106891,415.88936344,412.71887891,413.08794658
2026-06-24 03:00:00,413.09,411.78,4850.109,2026-06-24 03:00:00,642145.804,265193374.13592,0.77909172,0.662611,0.77961957,0.869642,-0.00029758,413.13,406.35,1989327.21805,7693,2120.057,869395.78423,412.95,412.98,405.9,411.67,55816.151,22855117.42733,59203,22499.883,9215379.11072,-0.00026344,0.00035661,-0.00520006,412.95,412.97404964,406.38,411.69887441,413.07378609,413.09822195,406.91076822,411.7824082
2026-06-24 03:30:00,411.81,411.87,1764.889,2026-06-24 03:30:00,639103.486,263118185.8177072,0.75700108,0.654609,0.73881789,1.475703,-0.00059902,415.19,411.55,729969.24176,3890,926.453,383165.10053,411.67,415.21,411.28,411.65,25631.675,10598577.80229,35081,12213.559,5052435.01291,-0.00012366,0.00108679,-0.00146287,411.7050678,414.8,411.42523399,411.76354608,411.78281491,414.94994646,411.70114456,411.95587309
2026-06-24 04:00:00,411.93,410.02,1694.847,2026-06-24 04:00:00,637677.462,262572333.00841445,0.75869864,0.655661,0.74145271,0.319861,-0.00102164,413.25,408.37,696222.99368,3502,720.751,296299.15571,411.66,413.1,408.06,409.82,17664.828,7252166.02704,33469,8146.565,3345108.00598,-0.00023018,0.00032934,-0.00216658,411.75093865,413.0430327,408.36,409.82,411.94326567,413.224891,408.72043479,410.15924475
2026-06-24 04:30:00,410.03,414.12,2146.923,2026-06-24 04:30:00,638336.922,261603237.37404,0.75187311,0.654345,0.73479607,1.527863,-0.00106059,415.36,409.57,887286.62179,4544,1069.943,442319.56852,409.82,415.28,409.23,413.9,15020.977,6206495.42557,38554,8195.15,3386255.56396,-0.00074739,0.00070513,-0.00119202,409.82,415.12191916,409.37095913,413.91968314,410.15482178,415.24721729,409.76981491,414.28595061
2026-06-24 05:00:00,414.1,418.54,2250.505,2026-06-24 05:00:00,639046.827,264514060.1434624,0.75527344,0.655936,0.74485514,1.0377,-0.00014222,418.54,413.87,937071.54044,6951,1315.721,547921.67208,413.9,418.51,413.62,418.44,21080.06,8779307.36945,41173,11921.919,4965074.95417,-0.00060317,0.00029738,-0.00122966,413.95734267,418.42,413.69,418.42,414.29315667,418.49196382,414.08848991,418.47958782
2026-06-24 05:30:00,418.54,418.62,3855.332,2026-06-24 05:30:00,640198.19,267871726.6598,0.74844115,0.655413,0.74120703,2.044693,-0.00068697,420.85,417.66,1617378.17619,5983,1960.269,822363.92927,418.44,420.65,417.39,418.35,28933.559,12128585.61204,44127,12301.674,5159660.90047,-0.00014187,0.00096373,-0.00229071,418.44,420.6030727,417.49,418.36,418.54448676,420.75630647,417.79644724,418.6641042
2026-06-24 06:00:00,418.62,416.75,2181.96,2026-06-24 06:00:00,640141.119,267809438.54484,0.73489674,0.652682,0.73072604,0.673299,-0.00034797,418.8,416.03,910424.29258,3413,997.524,416063.31527,418.35,418.59,415.76,416.5,17407.489,7256592.63284,33690,7852.982,3274305.8978,-0.00062327,0.00011591,-0.00150253,418.34,418.59,415.88,416.4,418.66076745,418.81431101,416.25084112,416.60820361
2026-06-24 06:30:00,416.78,416.9,1028.148,2026-06-24 06:30:00,639186.341,266157192.3924,0.73603621,0.647971,0.72766713,0.671221,-0.0008049,418.24,415.59,428795.44988,2332,535.334,223289.38281,416.5,418.04,415.3,416.66,10811.858,4505985.07161,22857,5377.437,2241673.71017,-0.00020188,0.0,-0.00140164,416.47,418.0458479,415.58,416.69451918,416.61031075,418.18345881,415.78117502,416.9929497
2026-06-24 07:00:00,416.92,414.42,1479.321,2026-06-24 07:00:00,639071.544,266297609.7487002,0.73608307,0.648735,0.72787466,0.789239,-0.00058491,417.49,414.42,615381.33438,3299,606.319,252296.0203,416.66,417.25,414.11,414.13,12552.66,5218099.66792,29108,5157.634,2144871.81798,-0.00063491,0.00014609,-0.00159974,416.69444793,417.25,414.17,414.17126195,416.9929503,417.40853845,414.56110991,414.58295307
2026-06-24 07:30:00,414.42,413.74,1388.767,2026-06-24 07:30:00,640362.647,265219805.6136324,0.74126954,0.647506,0.73198109,0.426953,-0.00059462,415.56,413.1,575139.20806,2698,807.248,334354.49164,414.14,415.3,412.8,413.55,14432.114,5972838.5543,33171,7083.746,2931960.11079,-0.00087682,0.00014381,-0.00185808,414.15,415.3148276,412.90865712,413.51,414.54506691,415.48397653,413.23801266,413.79668508
2026-06-24 08:00:00,413.84,415.2,1815.09,2026-06-24 08:00:00,640678.693,264927046.34243,0.73950712,0.645402,0.72900439,0.788205,-0.00066027,416.68,413.38,753102.57574,4031,770.525,319640.43394,413.55,416.32,413.1,414.9,14030.786,5819161.88199,32623,8422.51,3493395.658,-0.00033513,0.0,-0.00170358,413.55,416.29,413.22,414.84,413.80298744,416.46273363,413.60048085,415.16539979
2026-06-24 08:30:00,415.16,415.86,1110.251,2026-06-24 08:30:00,640541.765,265722345.7926,0.74016204,0.646281,0.73390642,1.929576,-0.00134578,416.52,414.2,461205.46587,2562,668.415,277645.13389,414.89,416.16,413.85,415.54,9775.973,4057165.84031,23949,6409.177,2659988.07428,-0.0009828,5.499e-05,-0.00173048,414.91,416.21046604,413.95772072,415.62926971,415.24606047,416.49214683,414.49272162,416.06605566
2026-06-24 09:00:00,415.85,414.35,782.84,2026-06-24 09:00:00,641904.979,266794497.64498287,0.74553356,0.646757,0.74304688,1.856139,-0.00069557,415.95,414.0,324718.24996,2254,491.743,204001.29686,415.54,415.64,413.63,414.14,7768.587,3220678.16798,22675,4254.138,1763831.2967,-0.00129428,-0.00013234,-0.00195482,415.62802152,415.64863422,413.77897374,414.12,416.06598569,416.06598569,414.25023465,414.5585143
2026-06-24 09:30:00,414.39,414.25,984.696,2026-06-24 09:30:00,642375.445,266020519.2834,0.75043512,0.64667,0.74781466,0.552339,-0.00091709,414.66,412.5,407148.07803,2890,404.857,167440.00212,414.14,414.35,412.19,414.04,11112.379,4593417.22615,26488,5048.884,2087475.16679,-0.00084297,0.0,-0.00151872,414.14,414.35,412.38,414.04,414.5584417,414.55855655,412.75401315,414.3091049
2026-06-24 10:00:00,414.27,413.2,2255.868,2026-06-24 10:00:00,642749.19,266123874.6276,0.75142278,0.648049,0.74505566,2.705434,-0.0003611,415.3,412.71,934442.46726,3706,1305.436,541147.36152,414.03,415.19,412.36,412.99,13056.584,5401059.00625,28612,5777.288,2390442.07278,-0.00051624,0.00020315,-0.00169574,414.0672525,415.1396397,412.51,412.88,414.30853376,415.29684028,412.85299371,413.0789795
2026-06-24 10:30:00,413.21,412.17,2491.006,2026-06-24 10:30:00,642139.75,265126659.98,0.75281873,0.647403,0.7518047,0.293156,-0.00080386,414.09,410.99,1026987.21274,3772,1551.26,639576.31948,413.0,413.99,410.74,412.0,15789.911,6509707.38767,30567,7847.726,3235500.78866,0.0,0.00011052,-0.00148019,412.89,413.99826483,410.95244692,412.03,413.10866285,414.02978983,411.22580473,412.26076982
2026-06-24 11:00:00,412.24,411.23,1629.07,2026-06-24 11:00:00,642501.364,264729837.00892,0.75773395,0.649682,0.75463877,1.588975,-0.00073174,413.1,410.0,670025.55972,3584,601.613,247552.98198,411.99,412.85,409.84,411.06,21192.828,8710642.87088,37996,10819.228,4446779.17552,-0.00068805,0.00013968,-0.00135717,412.0,412.85,410.06,411.03,412.26085577,412.90491475,410.24504841,411.26646073
2026-06-24 11:30:00,411.25,421.72,5686.069,2026-06-24 11:30:00,643900.996,264662626.38588,0.75256841,0.648046,0.75137183,0.64621,-0.0001075,423.35,411.21,2383281.70597,15808,3563.824,1493267.08589,411.07,423.0,411.06,421.44,69709.138,29179955.71445,95493,40057.606,16766931.57316,-0.00022166,0.00198355,-0.00188852,411.03,422.88155198,411.03,421.60124249,411.27619433,422.99656754,411.27190547,421.73290102
2026-06-24 12:00:00,421.71,419.95,3377.536,2026-06-24 12:00:00,640468.852,270022463.7793439,0.73873349,0.647342,0.74353191,1.117432,-0.00017787,421.89,417.48,1417962.24147,6581,1559.035,654481.99902,421.44,421.7,417.2,419.74,35076.091,14715103.25728,54938,16214.252,6803973.10508,-0.00034808,0.00082264,-0.00321887,421.49561646,421.65486711,417.35,419.76918521,421.67746503,421.89244045,417.70997159,419.92419171
2026-06-24 12:30:00,419.92,417.12,2111.722,2026-06-24 12:30:00,639450.607,268421660.28242996,0.74069756,0.642422,0.74700073,1.820888,-0.00033378,422.58,416.78,885374.69144,5273,857.848,359623.60263,419.74,422.49,416.57,416.99,22729.07,9524735.04902,42793,10657.695,4467878.76897,-0.00038968,0.00061438,-0.00154442,419.75924277,421.62574526,416.6308664,416.98,419.92410616,421.78555048,417.02390499,417.12956806
2026-06-24 13:00:00,417.12,411.5,6985.698,2026-06-24 13:00:00,641352.53,267431177.9594,0.73981922,0.644649,0.74512526,0.8544,0.00042471,417.72,407.5,2878968.50903,13799,2982.217,1229069.6957,416.98,417.58,407.24,411.29,74565.689,30699073.17728,97545,37226.837,15335228.52455,0.0,0.00112394,-0.0056203,416.99,417.58,407.49127355,411.50001543,417.12707616,417.65850615,408.06613554,411.56039237
2026-06-24 13:30:00,411.5,410.11,7551.54,2026-06-24 13:30:00,642670.953,264459107.0759128,0.75318644,0.654376,0.75036898,1.730127,-0.00043137,418.43,407.94,3111222.79609,20247,3683.525,1517242.56042,411.29,418.39,407.62,409.85,89172.975,36730523.12925,132097,46817.554,19297446.28643,-0.0021909,0.00228264,-0.0021909,411.50182353,417.89036358,407.99,410.03645081,411.50954466,417.69760093,408.31399198,410.23535966
2026-06-24 14:00:00,410.02,412.71,6278.186,2026-06-24 14:00:00,646896.328,265207389.07150504,0.75286901,0.663581,0.75157359,1.338791,-0.0002787,413.19,408.1,2582032.98238,12428,2776.496,1142015.18016,409.85,413.21,408.0,412.54,44320.454,18206080.01041,88094,22440.42,9224260.41574,-0.0010329,0.00083545,-0.00185938,410.05691523,412.99785601,408.18,412.55,410.23532486,413.03408606,408.47898711,412.68699286
2026-06-24 14:30:00,412.59,418.01,8812.628,2026-06-24 14:30:00,648451.153,267518523.17015,0.75548527,0.666596,0.75511159,1.891991,-0.00021369,421.0,412.52,3679216.7955,19473,4565.025,1904582.96704,412.53,421.0,412.39,417.84,73687.59,30762773.3297,99821,40081.399,16730749.22803,-0.00051905,0.00146335,-0.00203601,412.54,420.39753707,412.42,417.86,412.6870525,420.39184303,412.55939947,417.97696288
2026-06-24 15:00:00,418.01,413.26,5020.148,2026-06-24 15:00:00,646639.7,270204865.042,0.72515815,0.668544,0.72785521,1.009773,-0.00090271,418.06,411.75,2077860.52419,10732,2524.669,1044819.31467,417.85,417.89,411.41,412.99,46815.855,19374907.33637,77356,19646.495,8124058.47439,-0.00024934,0.00069098,-0.00202017,417.84,417.84,411.56,412.99,417.97149126,417.99581831,411.89663702,413.3833871
2026-06-24 15:30:00,413.26,406.52,20475.512,2026-06-24 15:30:00,639245.425,264001968.07075,0.74131122,0.655157,0.74221361,0.991455,-0.00040048,413.34,397.95,8297689.36805,28530,8457.2,3428252.3485,412.99,413.07,398.21,406.17,186607.987,75635007.75273,176423,79000.36,32009883.10858,-0.00095962,0.00043924,-0.0044758,412.99,412.99,400.32341264,406.27,413.38283019,413.38814686,401.04388432,406.51691175
2026-06-24 16:00:00,406.46,406.4,9404.856,2026-06-24 16:00:00,632159.921,256799142.23778287,0.75133233,0.63861,0.72771607,0.885777,-0.00182856,408.09,400.3,3809725.09766,17865,5027.42,2038176.34821,406.16,407.71,400.0,406.1,72947.665,29514786.00071,105254,36311.399,14698936.9915,-0.00105332,0.00055022,-0.00277421,406.24,407.7350247,400.94982224,406.13,406.50818464,407.9251869,401.38934256,406.5985444
2026-06-24 16:30:00,406.38,398.9,10437.012,2026-06-24 16:30:00,626785.459,254556378.46367,0.75890411,0.615188,0.73473282,1.25382,-0.00070635,406.99,396.42,4181180.61739,20077,5277.873,2113155.77095,406.09,406.72,396.09,398.7,89063.214,35658089.13491,130386,43944.103,17602519.89459,-0.00122899,0.00066218,-0.00328094,406.1,406.72,396.32998189,398.98811676,406.58749384,407.16724274,396.54211497,399.15174038
2026-06-24 17:00:00,398.91,393.6,10305.254,2026-06-24 17:00:00,629700.694,251243094.02152503,0.72667807,0.608579,0.69505031,1.360822,-0.00078906,402.79,392.24,4094396.4054,19211,5002.747,1989716.85345,398.69,402.52,391.84,393.34,95004.773,37706066.22505,153041,43780.919,17395052.40774,-0.00045404,0.00130412,-0.00273321,398.79637572,402.35494839,392.29675171,393.36,399.07048948,402.47427003,392.8532604,393.6923648
2026-06-24 17:30:00,393.54,391.87,7919.795,2026-06-24 17:30:00,624528.693,245664606.67848,0.74233883,0.614701,0.70360416,1.211502,-0.00024229,394.87,387.5,3098742.89099,19478,3628.454,1421105.33839,393.32,394.66,387.25,391.67,89110.984,34840546.73635,145642,43531.873,17032574.44018,-0.00128427,0.00482152,-0.00236049,393.35,394.66594149,387.5835017,391.7,393.74641313,394.71104275,387.75456764,391.80446081
2026-06-24 18:00:00,391.87,404.41,21555.166,2026-06-24 18:00:00,627983.135,245980993.9795,0.72618561,0.618627,0.68264293,0.973673,0.0,410.61,391.17,8699393.26381,28476,10606.409,4272149.68221,391.66,410.49,390.93,404.28,111622.949,44869378.92861,174104,63214.336,25407574.17493,0.0,0.00339398,-0.00207103,391.7,410.26175256,391.09855758,404.24363447,391.82246176,410.27447576,391.39845435,404.43472501
2026-06-24 18:30:00,404.41,404.76,14785.609,2026-06-24 18:30:00,625074.468,252682374.75872168,0.71294461,0.626494,0.68051051,1.137198,-0.00029339,405.93,399.16,5958637.63393,44333,5857.587,2360621.12421,404.28,406.1,398.87,404.71,62976.543,25375114.55425,133641,29740.313,11990975.01014,0.0,0.00139706,-0.00204523,404.32,405.44682429,399.63486623,405.03796366,404.53410436,405.38358892,399.71519752,405.16212768
2026-06-24 19:00:00,404.84,403.89,4400.908,2026-06-24 19:00:00,627409.484,254124659.7803313,0.71095523,0.626948,0.6740018,1.789973,-0.00038024,406.66,402.2,1780011.27346,15638,2339.388,946109.02501,404.72,406.65,401.95,403.67,33879.649,13696756.53935,72809,17845.448,7213689.4375,0.0,0.00064065,-0.00142829,404.94,406.56,402.17,403.67,405.02245581,406.61635211,402.46640863,403.76710947
2026-06-24 19:30:00,403.85,404.61,4706.06,2026-06-24 19:30:00,630353.991,254454995.54697,0.71577966,0.625335,0.67973404,1.72355,-0.0002383,406.1,401.96,1898887.17514,10004,2833.211,1143365.54757,403.66,405.98,401.73,404.43,23181.141,9356122.89549,63433,11755.945,4746951.5134,-0.00072548,0.00093697,-0.00183315,403.76324939,405.83793586,401.8,404.7,403.77340814,405.84793187,402.10528215,404.78543084
2026-06-24 20:00:00,404.61,412.87,11024.57,2026-06-24 20:00:00,628503.196,254355243.4212,0.71654766,0.620908,0.6822119,1.463194,-0.00076593,415.2,403.54,4531031.21041,25560,6202.949,2548931.22158,404.43,415.21,403.23,412.65,81288.023,33421646.14349,132135,46415.536,19077372.1239,-0.00077891,0.00285265,-0.00226585,404.64,414.86,403.50699274,412.77640216,404.82737264,415.01436046,403.78587282,413.03715588
2026-06-24 20:30:00,412.98,411.15,4251.857,2026-06-24 20:30:00,621586.95,256576424.8506078,0.71722175,0.612146,0.69358619,0.822615,-0.00078741,414.29,409.75,1748748.67854,9732,2219.927,913291.5058,412.66,414.09,409.42,410.95,31819.308,13083745.9867,72228,14609.621,6007996.28556,-0.00025607,0.00103747,-0.00193057,412.64,414.09,409.68,410.84,412.96213067,414.15445445,409.9471968,411.02050998
2026-06-24 21:00:00,411.18,410.89,2996.984,2026-06-24 21:00:00,618714.118,254192508.23912,0.71905967,0.609332,0.6974563,0.780173,-0.00069692,411.65,407.75,1227552.88515,6291,1380.992,565591.01352,410.96,411.49,407.57,410.69,17389.341,7119286.40956,42652,9430.323,3861168.19104,-0.00012123,0.00020484,-0.00139586,410.97,411.43,407.67,410.7501063,411.09686715,411.59819794,407.95172421,411.02112823
2026-06-24 21:30:00,410.88,416.21,6611.753,2026-06-24 21:30:00,620054.257,254687351.97451752,0.71611683,0.611234,0.6917256,1.751095,-0.00072304,418.77,410.68,2745845.20177,8871,3304.683,1371263.11213,410.69,418.67,410.46,416.06,33401.069,13876332.15538,55804,19946.731,8284842.51194,-0.00063628,0.00223081,-0.00146962,410.76603427,418.67,410.61948043,416.11,411.01162804,418.58707102,410.87166454,416.33459767
2026-06-24 22:00:00,416.2,414.06,3748.259,2026-06-24 22:00:00,619240.091,257671994.26601,0.71639586,0.613473,0.6992922,1.815394,-0.00035007,418.77,413.96,1559980.31402,11140,1874.301,780312.0744,416.05,418.88,413.72,413.93,26736.15,11130316.84701,64153,13789.32,5744788.32877,-0.00073353,0.00107178,-0.00175649,416.06,418.62274636,413.86656039,413.93,416.43749167,418.65251346,414.12185,414.12883418
2026-06-24 22:30:00,414.13,412.66,1872.861,2026-06-24 22:30:00,619601.216,256471531.33888,0.7176706,0.616463,0.69946562,0.749198,-0.00066453,414.77,411.59,773948.42656,5477,974.546,402829.35386,413.93,414.59,411.4,412.52,15639.877,6458106.27063,36532,7632.856,3151340.08241,-0.00018337,0.0002971,-0.00140654,413.93,414.59,411.55514803,412.48,414.12079925,414.74226816,411.95787222,412.77051202
2026-06-24 23:00:00,412.71,416.66,3912.26,2026-06-24 23:00:00,619351.738,255470204.89024,0.72325581,0.619914,0.7023903,1.532537,-7.553e-05,417.63,412.21,1627205.12251,5348,2151.394,895583.51047,412.53,417.54,412.0,416.52,16638.116,6908921.59706,40602,9215.546,3827114.64841,-0.00023815,0.00098069,-0.00143274,412.48,417.53,412.01,416.51,412.7729864,417.65874108,412.32764981,416.64744025
2026-06-24 23:30:00,416.65,416.85,2709.567,2026-06-24 23:30:00,620302.029,258361998.09879,0.72569371,0.622147,0.70736767,1.234115,-0.00016865,418.08,415.06,1127867.90258,8085,1932.059,804046.67318,416.51,417.9,415.01,416.66,16723.059,6968039.71088,41761,8645.788,3602366.60779,-0.00051274,0.00021449,-0.00121344,416.52,417.86300054,415.01,416.67,416.64340698,417.93656386,415.34194856,416.84847098
