date,asset,net_inflow,value_traded,net_assets,cum_net_inflow
2025-11-13,XRP,0.0,59210050.0,5150544.0,0.0
2025-11-14,XRP,243054000.0,26719610.0,248158134.0,243054000.0
2025-11-17,XRP,25413248.0,20252140.0,257082232.0,268467248.0
2025-11-18,XRP,8324960.0,24156640.0,277815808.0,276792208.0
2025-11-19,XRP,15816618.0,26808320.0,268882506.0,292608826.0
2025-11-20,XRP,118154530.39999999,44382790.0,385048150.6,410763356.4
2025-11-21,XRP,11894856.76,35090570.0,384441850.16,422658213.15999997
2025-11-24,XRP,164041189.7,87842267.0,628615930.84,586699402.86
2025-11-25,XRP,35411215.14,43761163.0,644640246.0699999,622110618.0
2025-11-26,XRP,21813437.0,38121766.0,676491718.95,643924055.0
2025-11-28,XRP,22684115.61,21384865.0,687813064.95,666608170.61
2025-12-01,XRP,89650794.32,34020944.0,723054408.44,756258964.93
2025-12-02,XRP,67744354.72,32476104.0,844985288.38,824003319.65
2025-12-03,XRP,50273151.8,31533818.0,906457723.6899999,874276471.45
2025-12-04,XRP,12838649.55,26171503.0,881248629.12,887115121.0
2025-12-05,XRP,10233016.899999978,21039693.0,861322378.4,897348137.9
2025-12-08,XRP,38043326.26000004,21491664.0,923706713.07,935391464.16
2025-12-09,XRP,8733969.239999978,28630643.0,945487428.37,944125433.4
2025-12-10,XRP,10201418.5,24534269.0,939460441.49,954326851.9
2025-12-11,XRP,16418812.399999999,25261300.8,1171893739.4,970745664.3
2025-12-12,XRP,20168608.30000002,29289593.0,1181196141.43,990914272.6
2025-12-15,XRP,10893277.600000018,20764253.4,1123071741.95,1001807550.2
2025-12-16,XRP,8542849.569999998,16754168.9,1157218241.3,1010350399.77
2025-12-17,XRP,18985084.239999924,53159648.0,1143911075.6699998,1029335484.01
2025-12-18,XRP,30406655.75,64275349.0,1135398733.62,1059742139.76
2025-12-19,XRP,13210363.870000076,58903280.0,1211169307.23,1072952503.63
2025-12-22,XRP,43886240.83,17941980.2,1246869693.82,1116838744.46
2025-12-23,XRP,8186830.000000001,12409935.22,1246036914.3899999,1125025574.46
2025-12-24,XRP,11930546.099999962,10837046.59,1245065013.45,1136956120.56
2025-12-26,XRP,0.0,16609548.5,1235769235.51,1136956120.56
2025-12-29,XRP,8440065.849999962,17162040.42,1243249368.54,1145396186.4099998
2025-12-30,XRP,15548950.75,50416092.0,1272987885.9799998,1160945137.1599998
2025-12-31,XRP,5576571.04,22358259.37,1244256199.45,1166521708.2
2026-01-02,XRP,13593366.14,27509673.0,1372686781.96,1180115074.34
2026-01-05,XRP,46098743.42,72147695.1,1646980827.77,1226213817.76
2026-01-06,XRP,19124313.00000009,58854920.3,1622267496.46,1245338130.76
2026-01-07,XRP,-40804011.44000004,33744416.5,1526536168.15,1204534119.32
2026-01-08,XRP,8716240.95,29696808.3,1494818284.43,1213250360.27
2026-01-09,XRP,4932421.4,24523211.8,1473132172.05,1218182781.67
2026-01-12,XRP,15043079.639999999,33476809.2,1474975963.6299999,1233225861.31
2026-01-13,XRP,12980836.2,30904295.84,1537216833.2,1246206697.51
2026-01-14,XRP,10626075.2,44111868.59,1557893364.8700001,1256832772.71
2026-01-15,XRP,17062538.53,21957388.3,1512954769.22,1273895311.24
2026-01-16,XRP,1119638.3499999999,14076223.82,1515248743.0,1275014949.59
2026-01-20,XRP,-53322566.5,34740760.4,1342992064.06,1221692383.09
2026-01-21,XRP,7157768.599999999,29873057.23,1390743469.97,1228850151.69
2026-01-22,XRP,2089728.8,18047783.3,1366773022.7,1230939880.49
2026-01-23,XRP,3431604.16,15694152.05,1364752285.4,1234371484.65
2026-01-26,XRP,7758712.350000001,22216770.45,1359361104.3600001,1242130197.0
2026-01-27,XRP,9159478.780000001,20503852.1,1382478631.64,1251289675.78
2026-01-28,XRP,6952836.05,20765416.86,1390411796.18,1258242511.83
2026-01-29,XRP,-92918499.99,71385366.0,1206222730.79,1165324011.84
2026-01-30,XRP,16792291.94,28737917.6,1193098902.09,1182116303.78
2026-02-02,XRP,-404689.8600000001,39392989.0,1106168662.24,1181711613.92
2026-02-03,XRP,19455245.93,49174879.0,1109134869.3500001,1201166859.85
2026-02-04,XRP,4828793.68,42651964.4,1073262497.52,1205995653.53
2026-02-06,XRP,15162739.20999997,54016852.4,1035061377.8299999,1221158392.74
2026-02-09,XRP,6310799.4,15887078.2,1040738914.24,1227469192.1399999
2026-02-10,XRP,3262363.550000029,14167159.02,1006277741.47,1230731555.69
2026-02-11,XRP,0.0,12473893.84,992941367.36,1230731555.69
2026-02-12,XRP,-6424164.260000029,12519397.13,970662201.13,1224307391.43
2026-02-13,XRP,4501792.48,19680534.4,1012033257.24,1228809183.91
2026-02-17,XRP,0.0,22892306.8,1063645367.4399999,1228809183.91
2026-02-18,XRP,-2206248.0,9229439.18,1021650300.87,1226602935.91
2026-02-19,XRP,4050891.94,7985709.77,1013444596.9,1230653827.85
2026-02-20,XRP,0.0,11229478.61,1022636016.49,1230653827.85
2026-02-23,XRP,0.0,12657038.47,974849137.57,1230653827.85
2026-02-24,XRP,3041982.6000000285,13242686.33,981056727.97,1233695810.45
2026-02-25,XRP,3091016.9,22730319.95,1060580749.16,1236786827.35
2026-02-26,XRP,1216277.75,11987172.34,1015595181.26,1238003105.1
2026-02-27,XRP,2205226.8,12428500.56,983175664.0,1240208331.9
2026-03-02,XRP,6965863.5,26816556.0,1021668701.24,1247174195.4
2026-03-03,XRP,7525482.8,38892645.0,1000859634.68,1254699678.2
2026-03-04,XRP,4191372.0,56027662.0,1079585473.43,1258891050.2
2026-03-05,XRP,-6149094.0,56023600.0,1040848960.28,1252741956.2
2026-03-06,XRP,-16619136.92,41352227.0,982513250.75,1236122819.28
2026-03-09,XRP,-18106979.12,9838844.3,971359855.11,1218015840.16
2026-03-10,XRP,-3880261.0,12605621.0,980777520.8,1214135579.16
2026-03-11,XRP,0.0,8891842.4,985731320.8000001,1214135579.16
2026-03-12,XRP,-6080604.069999999,9261074.66,967767311.79,1208054975.09
2026-03-13,XRP,0.0,16395559.0,983961885.31,1208054975.09
2026-03-16,XRP,-5978638.399999999,23763423.8,1070691144.54,1202076336.69
2026-03-17,XRP,4636892.25,18747826.8,1077237177.57,1206713228.94
2026-03-18,XRP,0.0,20374247.9,1020727897.1,1206713228.94
2026-03-19,XRP,0.0,11562989.8,1015450752.62,1206713228.94
2026-03-20,XRP,1978223.0,14374438.9,1006127058.19,1208691451.94
2026-03-23,XRP,0.0,16215579.3,1010659830.86,1208691451.94
2026-03-24,XRP,1399898.25,13866800.1,978921661.84,1210091350.19
2026-03-25,XRP,1263980.48,10532265.2,995724273.01,1211355330.67
2026-03-26,XRP,0.0,14117039.4,949152656.83,1211355330.67
2026-03-27,XRP,0.0,18023769.0,933334284.01,1211355330.67
2026-03-30,XRP,-2307537.0,11169911.2,928503889.72,1209047793.67
2026-03-31,XRP,0.0,10189748.3,943725181.39,1209047793.67
2026-04-01,XRP,-1315828.7,16901341.35,947696263.2,1207731964.97
2026-04-02,XRP,64613.52,14017523.2,916731416.22,1207796578.49
2026-04-06,XRP,0.0,8164917.87,940578258.53,1207796578.49
2026-04-07,XRP,3320196.52,11885102.7,921567041.5699999,1211116775.01
2026-04-08,XRP,0.0,12970699.78,950135699.4300001,1211116775.01
2026-04-09,XRP,-661161.8,11025886.5,955130075.53,1210455613.21
2026-04-10,XRP,9093933.3,7894877.4,968152813.4499999,1219549546.51
2026-04-13,XRP,1463015.4,26300811.0,959401959.1999999,1221012561.91
2026-04-14,XRP,11198176.65,24386446.0,978653953.13,1232210738.56
2026-04-15,XRP,17114166.7,40057825.0,1021116647.78,1249324905.26
2026-04-16,XRP,11865586.879999999,19701683.8,1078007216.0,1261190492.14
2026-04-17,XRP,13744586.639999999,21694816.3,1114803937.87,1274935078.78
2026-04-20,XRP,2996961.9,15194277.9,1076100269.7,1277932040.68
2026-04-21,XRP,0.0,8374632.42,1070148498.5,1277932040.68
2026-04-22,XRP,2421054.15,11067353.65,1087733703.92,1280353094.83
2026-04-23,XRP,3885705.25,7690271.68,1082417004.85,1284238800.08
2026-04-24,XRP,6438232.399999999,8409425.0,1095124482.6,1290677032.48
2026-04-27,XRP,0.0,11134239.15,1059138164.65,1290677032.48
2026-04-28,XRP,2201760.0,8638110.74,1052928922.65,1292878792.48
2026-04-29,XRP,3591435.1600000276,9306316.18,1036187148.61,1296470227.64
2026-04-30,XRP,-5828400.48,16901133.0,1043504904.21,1290641827.16
2026-05-01,XRP,0.0,13114533.4,1060457622.03,1290641827.16
2026-05-04,XRP,3867446.8999999715,10398327.75,1068529705.54,1294509274.06
2026-05-05,XRP,11276634.31,26808431.38,1088773508.22,1305785908.3700001
2026-05-06,XRP,13028713.38,21249552.4,1113003791.49,1318814621.75
2026-05-07,XRP,0.0,9723964.37,1083841993.74,1318814621.75
2026-05-08,XRP,6040680.0,19246026.04,1115293842.74,1324855301.75
2026-05-11,XRP,25795828.84,32311618.1,1183882923.97,1350651130.59
2026-05-12,XRP,5309795.319999999,15600578.0,1160880401.56,1355960925.91
2026-05-13,XRP,0.0,18300913.0,1144977997.55,1355960925.91
2026-05-14,XRP,18523276.17,46805994.8,1250127329.65,1374484202.08
2026-05-15,XRP,10866134.57,24195793.68,1184277365.35,1385350336.65
2026-05-18,XRP,750444.2,21221451.8,1142024682.87,1386100780.85
2026-05-19,XRP,1476505.0,7974654.59,1124524917.52,1387577285.85
2026-05-20,XRP,1454290.0,11253219.55,1133823271.71,1389031575.85
2026-05-21,XRP,8884340.55,19956736.41,1148472156.31,1397915916.4
2026-05-22,XRP,9470841.9,17178262.92,1129186044.29,1407386758.3
2026-05-26,XRP,1547394.0,13381261.89,1120540387.12,1408934152.3
2026-05-27,XRP,0.0,9109042.42,1119959898.17,1408934152.3
2026-05-28,XRP,1772982.1199999999,12128551.79,1115573877.27,1410707134.42
2026-05-29,XRP,11879435.65,13211064.0,1123463862.74,1422586570.07
2026-06-01,XRP,4132020.0,14799039.25,1110477671.51,1426718590.07
2026-06-02,XRP,0.0,19461190.05,1043046448.01,1426718590.07
2026-06-03,XRP,-5344866.35,13116180.1,1030280805.24,1421373723.72
2026-06-04,XRP,3834387.6,18592641.67,1006400634.32,1425208111.32
2026-06-05,XRP,0.0,32979798.9,927775049.64,1425208111.32
2026-06-08,XRP,0.0,17787414.26,1008814566.01,1425208111.32
2026-06-09,XRP,7443371.56,12485541.43,982118671.7,1432651482.88
2026-06-10,XRP,1194492.6,11065399.13,948976745.6,1433845975.48
2026-06-11,XRP,0.0,11196710.0,984767494.64,1433845975.48
2026-06-12,XRP,2044267.0,8689174.41,978863447.12,1435890242.48
2026-06-15,XRP,2815096.5,33189651.0,1107343736.56,1438705338.98
2026-06-16,XRP,5301671.600000001,9818546.62,1063217151.88,1444007010.58
2026-06-17,XRP,0.0,10909873.58,1036297109.38,1444007010.58
2026-06-18,XRP,2545394.0,11983012.0,994805228.76,1446552404.58
2026-06-22,XRP,5309079.72,15059883.392,993285101.88,1451861484.3
2026-06-23,XRP,0.0,14414149.29,965306862.33,1451861484.3
2026-06-24,XRP,2046430.0000000002,20427700.9,928083991.04,1453907914.3
2026-06-25,XRP,0.0,26444979.8,906591116.36,1453907914.3
2026-06-26,XRP,15632045.75,22039767.0,934258154.0,1469539960.05
2026-06-29,XRP,15341390.0,12500827.447,971626401.39,1484881350.05
2026-06-30,XRP,-2832498.0,9232865.73,944060217.28,1482048852.05
2026-07-01,XRP,-1863717.1,14053847.14,960612254.11,1480185134.95
2026-07-02,XRP,6545072.7,12735563.6,987908115.22,1486730207.65
2026-07-06,XRP,0.0,14463256.4,1045211206.26,1486730207.65
2026-07-07,XRP,0.0,12160315.46,1019172334.83,1486730207.65
2026-07-08,XRP,-7291806.6,12593141.7,983398552.24,1479438401.05
2026-07-09,XRP,0.0,6866653.126,989456950.37,1479438401.05
2026-07-10,XRP,107380.11,10907668.44,996645555.85,1479545781.16
2026-07-13,XRP,0.0,9291109.22,961290936.17,1479545781.16
2026-07-14,XRP,0.0,13468845.73,1008336166.12,1479545781.16
2026-07-15,XRP,0.0,13940679.0,1004432229.32,1479545781.16
2026-07-16,XRP,6784702.36,11848534.41,997177242.7800001,1486330483.52
2026-07-17,XRP,0.0,9309273.37,991506044.9000001,1486330483.52
2026-07-20,XRP,2490875.8,11670081.52,1017223708.66,1488821359.32
2026-07-21,XRP,5661721.35,19160915.24,1062827739.89,1494483080.67
2026-07-22,XRP,0.0,10898079.8,1044286146.28,1494483080.67
2026-07-23,XRP,0.0,8754335.6,1012519551.9,1494483080.67
2026-07-24,XRP,0.0,8801891.13,997246893.46,1494483080.67
2026-07-27,XRP,592465.25,12626730.792,1001667185.17,1495075545.92
2026-07-28,XRP,0.0,10222409.68,971568450.81,1495075545.92
2026-07-29,XRP,584705.6,10338198.59,988699710.9,1495660251.52
2026-07-30,XRP,5983416.5,8827059.67,1003876810.85,1501643668.02
2026-07-31,XRP,7694897.8,8621923.0,988781164.28,1509338565.82
2026-08-03,XRP,1146730.0,9992633.07,1006886000.24,1510485295.82
2026-08-04,XRP,0.0,7494754.05,1004700109.5,1510485295.82
2026-08-05,XRP,-3584662.8000000003,20156146.5,993375462.45,1506900633.02
2026-08-06,XRP,3450608.15,13655381.8,964214796.5699999,1510351241.17
2026-08-07,XRP,0.0,15789156.3,953190292.61,1510351241.17
2026-08-10,XRP,0.0,11948142.0,950045163.4499999,1510351241.17
2026-08-11,XRP,0.0,18406189.33,943108431.71,1510351241.17
2026-08-12,XRP,0.0,12548676.26,938926683.5,1510351241.17
2026-08-13,XRP,2253084.2,7883284.32,942250969.84,1512604325.3700001
2026-08-14,XRP,0.0,10759839.35,933009022.91,1512604325.3700001
2026-08-17,XRP,0.0,10364891.6,934044913.23,1512604325.3700001
2026-08-18,XRP,5808840.5,10490981.17,941414779.3,1518413165.8700001
2026-08-19,XRP,2351684.5,31664670.0,1005910494.73,1520764850.3700001
2026-08-20,XRP,13237073.78,125181654.3,1172917023.91,1534001924.15
2026-08-21,XRP,18383230.4,94033142.8,1328230502.5,1552385154.55
2026-08-24,XRP,13818241.75,107915609.7,1440735317.89,1566203396.3
2026-08-25,XRP,23871234.43,67732807.9,1460080954.01,1590074630.73
2026-08-26,XRP,28136663.5,61475288.5,1398792089.47,1618211294.23
2026-08-27,XRP,18470593.85,85896906.91,1488515932.69,1636681888.08
2026-08-28,XRP,26196377.4,40006409.02,1439170685.62,1662878265.48
2026-08-31,XRP,5644239.44,34064573.8,1454934087.53,1668522504.92
2026-09-01,XRP,14381153.399999999,39049795.55,1437429361.34,1682903658.32
2026-09-02,XRP,-7202844.480000056,27215209.22,1415078782.72,1675700813.84
2026-09-03,XRP,6137628.199999999,71550751.0,1552015691.9699998,1681838442.04
2026-09-04,XRP,0.0,36208068.6,1482264071.23,1681838442.04
2026-09-08,XRP,1547774.5,37192149.55,1509143181.9099998,1683386216.54
2026-09-09,XRP,12285024.17000006,23569919.51,1505669771.03,1695671240.71
2026-09-10,XRP,5142561.55,29433740.75,1449371483.86,1700813802.26
2026-09-11,XRP,0.0,35998707.37,1451900563.61,1700813802.26
2026-09-14,XRP,11255038.5,67341919.3,1575594042.16,1712068840.76
2026-09-15,XRP,0.0,107136097.0,1406158572.96,1712068840.76
2026-09-16,XRP,3501316.25,37291957.09,1395728368.57,1715570157.01
2026-09-17,XRP,-5153410.3,19694251.74,1394160691.37,1710416746.71
2026-09-18,XRP,-43699.2,52548352.5,1508877602.03,1710373047.51
2026-09-21,XRP,0.0,68728875.29,1619204624.7,1710373047.51
2026-09-22,XRP,20021433.8,95701794.1,1731387613.83,1730394481.31
2026-09-23,XRP,18040891.92,72555459.89,1649798483.23,1748435373.23
2026-09-24,XRP,14885201.540000001,44216251.0,1699876718.15,1763320574.77
2026-09-25,XRP,22645545.95,57745516.3,1766189440.49,1785966120.72
